iter	RMSE
0	12.9835983
1	12.6696157
2	12.37555488
3	12.18012176
4	12.07660408
5	11.93519186
6	11.84991489
7	11.65726099
8	11.58717043
9	11.43139534
10	11.36265292
11	11.19080281
12	11.09068326
13	11.01487414
14	10.91910318
15	10.83545348
16	10.81174797
17	10.69417221
18	10.65018785
19	10.61145943
20	10.58490888
21	10.51912332
22	10.49639975
