iter	RMSE
0	10.55028069
1	10.39410516
2	10.23859401
3	10.10775104
4	9.964032865
5	9.871941655
6	9.773288986
7	9.675867414
8	9.63072353
9	9.588432588
10	9.540868281
11	9.480755856
12	9.446848629
13	9.397144273
14	9.359413906
15	9.331780537
16	9.314304235
17	9.249334605
18	9.201668197
19	9.158243546
20	9.119389855
21	9.063813615
22	9.004972162
23	8.948074438
24	8.887881713
25	8.868092215
26	8.840436891
