iter	RMSE
0	13.61085793
1	13.18611941
2	12.61631353
3	12.21283673
4	11.86090129
5	11.51908276
6	11.17207562
7	10.99306848
8	10.72384506
9	10.60247295
10	10.43177101
11	10.17412424
12	10.11434316
13	9.925858002
